objective,learning_rate,n_estimators,max_depth,min_child_weight,gamma,subsample,nthread,scale_pos_weight,lambda,eta,verbosity,eval_metric,seed,max_delta_step,sampling_method,colsample_bytree,colsample_bylevel,colsample_bynode,gpu_id,tree_method,max_leaves,num_parallel_tree,best_auc
binary:logistic,0.28,100,2,8.993157380254155,0.26666666666666666,0.06666666666666667,5,0.5909090909090909,42.22873900293255,0.1,1,auc,11,9.05511811023622,gradient_based,0.8,0.5333333333333333,0.7333333333333333,0,gpu_hist,30,2,-0.9993449066491975
binary:logistic,0.33999999999999997,41,18,24.926686217008797,0.8,0.13333333333333333,5,0.5909090909090909,28.54349951124145,0.001,1,auc,82,1.1023622047244095,gradient_based,0.13333333333333333,0.13333333333333333,0.3333333333333333,0,gpu_hist,29,21,-0.9993449066491975
binary:logistic,0.33999999999999997,41,18,24.926686217008797,0.8,0.13333333333333333,5,0.5909090909090909,28.54349951124145,0.001,1,auc,82,1.1023622047244095,gradient_based,0.13333333333333333,0.13333333333333333,0.3333333333333333,0,gpu_hist,29,21,-0.9993449066491975
